participant_name,task_name,iteration_count,time_spent_sec,final_score,final_output
Participant_A,Creative_Writing,4,445.3335416316986,100,"In the idyllic town of Epping, where the gentry led lives of quiet dignity, resided the amiable Miss Charlotte. A woman of great virtue and propriety, she was admired by all for her gentle demeanour and wisdom. However, an incident of grave consequence was soon to challenge her principles and divide her loyalties.

One fine morning, Miss Charlotte received a letter from her dear friend, Lady Amelia. The letter bore the weight of a confession, one that would disrupt the tranquillity of polite society. Lady Amelia admitted to having fallen in love with a man of no fortune – a resident artist, Mr. Hastings, who was considered beneath her station. This was a dilemma of the highest order, for it was against societal norms for a Lady of such standing to wed a man of meagre means.

Miss Charlotte, in her wisdom, understood the depth of Lady Amelia's affection. She knew well that this was not a fleeting fancy but the stirrings of true love. Yet, she was also acutely aware of the repercussions that such a match would have on Lady Amelia's reputation and standing in society.

Should she counsel Lady Amelia to follow her heart at the risk of societal scorn? Or should she advise Lady Amelia to safeguard her social standing and jettison her feelings for Mr. Hastings? The dilemma was indeed a profound one, for it was not merely a question of love but one that tested the very principles that governed their society.

Miss Charlotte found herself at crossroads. On one hand, she believed in the sanctity of love, yet on the other, she was a product of a society that placed an individual's standing above all else. The conundrum before her was not just Lady Amelia's but her own as well, for her advice would reveal the values she held in higher regard – love or societal norms.

This tale, set amidst the backdrop of polite society dialogue and laden with a moral dilemma, is a testament to the complex fabric of human emotions and societal pressures. It encapsulates the eternal struggle between the heart and the mind, between passion and propriety. The resolution is yet to unfold, but it serves as a reminder that even in the most polite societies, the heart yearns for what it yearns, often at odds with the rules that govern us."
Participant_A,Technical_Explanation,1,95.47199630737305,100,"Convolutional Neural Networks (CNNs) are a class of deep learning algorithms widely employed in image and video processing tasks. The fundamental operations that power a CNN are convolution and backpropagation. 

Convolution is the first layer where the input image is processed using a set of filters or kernels. Each filter performs a specific task, such as edge detection or blur, and is convolved across the input image to produce a feature map. The filters are not preprogrammed but are learned via training the network. 

The Convolutional layer is followed by a nonlinear operation, often a Rectified Linear Unit (ReLU), which introduces non-linearity to the model. After this, a pooling or subsampling layer is typically used to reduce the spatial size of the representation, thus decreasing the computational complexity of the network. 

After one or more convolutional layers, the high-level reasoning in the neural network is done via fully connected layers. Neurons in a fully connected layer have connections to all activations in the previous layer, as seen in regular Neural Networks.

Backpropagation is the method used to train the CNN. It involves computing the gradient of the loss function with respect to the weights of the network. The weights are then updated in the direction that minimizes the loss function. This process is repeated iteratively until the network is adequately trained.

CNNs, through these processes, are capable of automatically and adaptively learning spatial hierarchies of features, which make them particularly effective for image classification tasks."
Participant_A,Business_Executive_Summary,1,109.05703163146973,100,"Subject: Executive Summary - Q2 Performance and Recommendations for Q3 

Dear [Recipient's Name],

I hereby present to you a succinct account of the financial performance of our business for the second quarter of this fiscal year. We have made significant strides in our revenue growth, which stood at an impressive $2M, demonstrating a robust financial health of the organization.

Our prudent and strategic cost management resulted in expenditures of $1.2M, leading to a substantial profit margin of $0.8M. This profit margin underscores our formidable financial management strategies and the efficacy of our business operations.

In terms of growth areas, we witnessed a remarkable increase in our product sales, which resulted in a noteworthy contribution to our revenue stream. Additionally, our efforts to diversify our client base has shown promising results, strengthening our market position and paving the way for future growth.

However, we also faced challenges that have impeded our growth trajectory. We continue to grapple with rising operational costs that have the potential to dampen our profit margins. Furthermore, we have noticed that our customer acquisition rates have plateaued, indicating a need for renewed focus on our marketing strategies.

As we move into the third quarter, it is crucial that we address these challenges head on. It is recommended that we invest in innovative cost reduction strategies, such as process optimization and automation. This will help us maintain our profit margins without compromising the quality of our products or services. Additionally, we should reevaluate our marketing strategies to ensure we are effectively reaching potential customers and maintaining robust customer acquisition rates.

In conclusion, the second quarter has been successful, but there is room for improvement. The challenges we face are not insurmountable and with the right strategies, we can continue our upward trajectory in the next quarter.

Yours sincerely,

[Your Name]
[Your Position]"
Participant_B,Creative_Writing,5,630.8228063583374,75,"In the quiet town of Worthington, there resided a charming young woman, Miss Elizabeth Hartley, known for her wit and kindness. Elizabeth was the eldest daughter of the respectable Hartley family, and her reputation was as spotless as the gowns she wore. However, her world was soon to be disrupted by a moral quandary of the most perplexing nature.

One evening, as the family was gathered in their drawing-room, a letter arrived from the distinguished Sir Thomas Bingley, a man of considerable wealth and influence. Sir Thomas requested the pleasure of Miss Hartley's company at an upcoming ball at his grand estate, a matter of great honour for any family.

However, Elizabeth was already acquainted with Sir Thomas and his reputation. He was a man known for his insatiable greed and disregard for the less fortunate. Elizabeth found his character to be in stark contrast with the values she held dear. The prospect of attending his ball was morally repugnant to her.

""But Elizabeth,"" her mother implored, ""this is a golden opportunity for us. Sir Thomas is a man of great standing. His favour could secure our family's future.""

Elizabeth's heart ached. She understood her mother's concern, for their family was not of substantial means. But could she compromise her principles for material gain?

Her younger sister, Sophia, chimed in, ""Lizzie, think of the fun we could have. The gowns, the dances!""

Elizabeth sighed, her mind in turmoil. She looked at the faces of her loved ones. She knew they only wanted the best for her, and for themselves. But at what cost?

In the end, Elizabeth made her choice. She declined Sir Thomas's invitation. It was a decision that brought disappointment to her family, and whispers of scandal to the town. But Elizabeth stood firm. For she believed that wealth and influence should never outweigh kindness and integrity. And in the silence of her room, she found a peace that no grand ball could ever offer.

Through her actions, Elizabeth Hartley taught the town of Worthington a lesson that day: true value lies not in material wealth, but in the strength of one's character. And it was a lesson that, in time, even her family came to appreciate. 

(Version #2)"
Participant_B,Technical_Explanation,1,93.76134252548218,100,"Convolutional Neural Networks (CNNs) are a class of deep learning models predominantly used in image processing tasks. They are inspired by the biological processes in the human brain and are designed to automatically and adaptively learn spatial hierarchies of features from the input data.

CNNs employ three primary concepts: convolution, filters (or kernels), and backpropagation. 

Convolution is a mathematical operation that involves combining input data (in this case, pixels of an image) and a filter or a kernel to produce a transformed version of the input, often referred to as a feature map. This process helps to extract features such as edges, corners, and other spatial properties from the image.

Filters or kernels are matrices of weights that slide over the input image during the convolution process. These weights are learned during the training phase, allowing the network to determine which features are important to extract. They play a pivotal role in determining the depth of the feature map.

Backpropagation is a learning algorithm used to train the CNN. It helps to adjust the weights of the filters by propagating the error from the output layer back to the previous layers. The weights are adjusted in such a way that the difference between the predicted and actual output (the error) is minimized.

In summary, a CNN uses filters and the convolution process to extract features from input images. Through backpropagation, these filters are continuously adjusted during training to ensure accurate feature extraction and, consequently, precise predictions. 

(Version #3)"
Participant_B,Business_Executive_Summary,3,396.2879021167755,100,"Dear Team,

As we close the second quarter, we reflect upon our financial performance with an analytical lens. Our Q2 revenue is recorded at $2M, an indicator of our thriving operations. However, we must also take into account our costs, which have amounted to $1.2M. Consequently, our profit for this quarter stands at $0.8M.

The key growth areas include an expansion in our customer base and an increase in product sales, which have significantly contributed to this quarter's revenue. Our efforts in innovative marketing and quality customer service have indeed paid off, ushering in new customers and fostering loyalty among existing ones. Although we celebrate our successes, we must also acknowledge and address our challenges. We have observed a rise in operating costs, primarily due to supply chain disruptions and increased marketing expenses.

Moving forward, it is crucial to focus on maximizing profitability while maintaining our commitment to delivering quality products and services. Our recommendation for the next quarter is to streamline operations, reduce unnecessary costs, and invest in strategic marketing initiatives to enhance our reach and visibility further. We must also explore partnerships and collaborations to mitigate supply chain disruptions and strengthen our operational efficiency.

Thank you for your continued dedication and hard work. Together, we will strive for sustained growth and financial robustness.

(Version #2)

Dear Colleagues,

We have ended Q2 with encouraging financial results. Our revenue reached $2M, affirming our position in the industry. However, we faced costs amounting to $1.2M, leaving us with a profit of $0.8M for the quarter.

Our growth areas this quarter have been the expansion of our customer base and robust product sales, both substantially contributing to the revenue generation. Our dedication to innovation and customer service has proven fruitful. However, we faced challenges in the form of increased operating costs, primarily due to unforeseen supply chain disruptions and heightened marketing expenses.

As we forge ahead, it is vital to concentrate on enhancing profitability while not compromising the quality of our offerings. For the upcoming quarter, we recommend a thorough review of our operations to identify and curtail unnecessary costs. Further, we suggest investing in strategic marketing to broaden our customer reach. It is also essential to establish strategic partnerships to alleviate supply chain issues and boost our operational efficiency.

Your continuous efforts and commitment contribute to our collective success. Let's continue to aim for sustained growth and financial stability."
Participant_C,Creative_Writing,5,604.289856672287,75,"In the quiet hamlet of Everwood, resided the genteel family of the Harrington's. Their daughter, Miss Isabella Harrington, was known for her great beauty, matched only by her kind heart and sensible nature.

One sunny afternoon, she was engaged in a lively conversation with her close confidante, Miss Charlotte Willoughby. Charlotte, a cunning, ambitious young woman, held a dubious proposition. ""Isabella, my dear,"" she began, her eyes glinting mischievously, ""I have come upon a scheme that may secure us both advantageous matches.""

Isabella, ever the embodiment of virtue, frowned at her friend's words. ""Charlotte,"" she replied, ""one should not seek marriage through deceit. It is a sacred union, born out of love and respect.""

Charlotte scoffed, ""Oh, Isabella! Always the romantic! In our society, love is but a luxury. It is wealth and status that truly matter.""

Isabella was torn, for she knew Charlotte's words held truth. Yet, she firmly believed in the sanctity of love and marriage. She had to choose between her principles and the societal norms, a dilemma that weighed heavily on her heart.

In the end, Isabella refused Charlotte's scheme, choosing integrity over deceit. She might have risked her prospects, but she retained her self-respect, proving that one's principles should never be compromised for worldly gains.

(Version #2)

The elegant drawing room of the Fairfax estate was buzzing with polite chatter. Mr. Edward Fairfax, a man of considerable wealth and status, had a moral quandary to resolve.

Mrs. Margaret Bennett, his long-time acquaintance, approached him with an intriguing proposal. ""Edward,"" she began, her voice dripping with honeyed words, ""I am privy to information that could elevate your social standing significantly.""

Edward was taken aback, his brows furrowing in confusion. ""Margaret, why would you present me with such a proposition? Surely, friendship is not about social climbing.""

Margaret simply smirked, her gaze steely. ""Call it what you will, Edward. But remember, in our world, power is the ultimate currency.""

Edward was torn between his desire for societal advancement and his inherent sense of morality. He found himself at a crossroads, his principles at odds with his ambitions.

After much contemplation, Edward declined Margaret's proposal, choosing his moral integrity over societal advancement. He may have lost an opportunity, but he preserved his self-worth, a testament to the importance of maintaining one's principles in the face of temptation."
Participant_C,Technical_Explanation,2,179.69104838371277,100,"Convolutional Neural Networks (CNNs) are a class of deep learning models designed to process data with grid-like topology, such as image data. CNNs employ a mathematical operation known as convolution, a special kind of linear operation. Convolution layers are the major building blocks used in CNNs. 

In the convolution process, filters (also known as kernels) slide over the input data performing an element-wise multiplication with the part of the input it is currently on, and then summing up the results into a single output pixel. This operation is performed across the entire input, resulting in a feature map that expresses the locations and strength of detected features in the input.

A CNN learns the values of these filters on its own during the training process, although we still need to specify parameters such as the number of filters, filter size, architecture of the network, etc. The more filters we have, the more image features get extracted and the better our network becomes at recognizing patterns in unseen images.

The CNN, like other neural networks, uses a process called backpropagation for learning the filter values. Backpropagation involves forwarding the propagation of the input through the network to generate a prediction, and then backward propagation of the prediction error back through the network. This adjusts the filter values (or weights) to minimize the error. 

Repeated application of convolutions followed by backpropagation allows the network to effectively train itself, identifying complex patterns and features in the input data. This makes CNNs powerful tools for image and video processing tasks."
Participant_C,Business_Executive_Summary,1,98.21443581581116,100,"Subject: Executive Summary - Q2 Financial Performance and Recommendations

Dear Team,

I am pleased to present to you an executive summary of our Q2 financial performance. We have witnessed a significant upturn in our revenue stream, with a robust $2M recorded for this quarter. This represents a testament to our team's hard work, focused strategy, and relentless pursuit of our financial goals.

Our costs for the same period stood at $1.2M, leaving us with a healthy profit margin of $0.8M. This profit is a reflection of our fiscal discipline, prudent cost management, and optimized operational efficiency. While these numbers are encouraging, it is essential for us to continue our cost-control measures to further enhance our profitability.

In terms of key growth areas, our investment in digital transformation has begun to pay dividends. The use of advanced analytics and automation technologies has improved our process efficiencies, contributing significantly to our bottom line. Furthermore, our marketing campaigns have successfully penetrated new markets, thereby expanding our customer base and boosting our revenue.

However, we also faced a few challenges this quarter. The increasing costs of raw materials and logistics have put pressure on our margins. We have also noticed a surge in competition, which calls for more innovative strategies to maintain our market dominance.

As we look towards Q3, it is recommended that we concentrate our efforts on mitigating these challenges. We should consider negotiating better contracts with our suppliers to control costs and further invest in R&D to stay ahead of our competition. Additionally, a continued focus on customer retention strategies will ensure the sustainability of our revenue growth.

In conclusion, Q2 brought forth encouraging financial results, but also revealed areas that need our attention. By addressing these challenges head-on and capitalizing on our growth areas, we can ensure a more prosperous Q3.

Best Regards,

[Your Name]"
Participant_D,Creative_Writing,4,487.6834931373596,100,"In the year 2077, the elegant and sophisticated society of Bath had adopted AI technology in their daily life. Yet, the charm of Austen's era remained, with the gentlefolk maintaining the decorum of polite conversation, even with their AI companions. 

The Winsley estate was abuzz with a grand gathering. Mr. Theodore Winsley, a gentleman of great intellect and fondness for AI technology, was showcasing his newly acquired AI butler, Jeeves. 

""Jeeves,"" he began, addressing his AI companion with a gentle smile, ""Fetch me my pocket watch from the study, if you please.""

""Of course, Mr. Winsley,"" replied Jeeves, his AI voice as polite as any well-trained gentleman's servant.

Just then, Mrs. Winsley walked into the room, her countenance a picture of concern. ""Theodore, I wish to discuss something of great importance.""

Mr. Winsley, ever the courteous husband, turned his attention to his wife. ""Pray, what ails you, my dear?""

With a slight hesitation, she broached a topic that had been bothering her. ""Theodore, I find myself in a moral quandary. It has come to my notice that our dear friend, Miss Amelia, has fallen into financial distress. I feel obliged to help her, yet it would mean exposing her delicate situation to the society, which I fear would be a great embarrassment to her.""

Mr. Winsley considered the dilemma. His wife's concern was genuine and he shared her sentiments. Yet, he was unsure of how to navigate this delicate situation without causing any discomfort to Miss Amelia. 

""Pardon my interruption, Mrs. Winsley,"" Jeeves interjected. ""Perhaps, you could provide the financial aid anonymously. It would save Miss Amelia from potential embarrassment and fulfill your moral obligation to help a friend in need.""

The room fell silent as the couple considered the AI's suggestion. It was a wise solution, reflecting the kind of judgement they would expect from a human. It was a moment that showed them the profound possibilities of AI, not just as a tool but as a companion capable of understanding and responding to human dilemmas.

Indeed, the future promised a blend of AI technology with the charm of yesteryears, and they were the pioneers navigating this path, ensuring that the essence of humanity, the ability to care and empathize, was never lost in the process. The moral dilemma had been solved, but it raised profound questions about the role of AI in their society. That night, the gentry of Bath found themselves engaged in deep discussion, their polite society dialogue intertwining with the futuristic possibilities of AI, creating a unique tapestry of progress and tradition."
Participant_D,Technical_Explanation,1,121.11627745628357,100,"Convolutional Neural Networks (CNNs), a class of deep learning algorithms, are widely used in the field of image and video processing. They are inspired by the visual cortex of animals, and are particularly effective in identifying spatial hierarchies or patterns within data.

CNNs use the mathematical operation of convolution in place of general matrix multiplication in at least one of their layers. Convolution involves the application of a filter or kernel, a small matrix of weights, that moves across the input data (like an image) and performs element-wise multiplication. This operation reduces the dimensions of the input, focusing on local spatial coherency and effectively learning localized feature representations. 

Filters/kernels are designed to detect low-level features such as edges and curves, as well as high-level features like object parts or even an entire object. Each filter is randomly initialized and learns to adapt its weights to optimize a loss function during the training process.

Backpropagation is an essential part of the learning process. It's a method used to calculate the gradient of the loss function with respect to the network weights. Starting from the end of the network, the error is propagated back towards the input layer, updating the weights of each filter in a way that minimizes the error. The weights are updated using a gradient descent optimization algorithm.

The beauty of CNNs lies in their ability to automatically and adaptively learn spatial hierarchies of features from the training data. They have revolutionized the field of computer vision, making applications such as facial recognition, autonomous driving, and medical imaging analysis possible."
Participant_D,Business_Executive_Summary,1,91.42312598228455,100,"Subject: Q2 Financial Performance Summary and Future Recommendations

Dear Team,

I am pleased to report that the second quarter of the fiscal year has shown promising progress. We have successfully generated a total of $2M in revenue, marking a substantial advancement towards our annual targets.

The cost structure for this period stood at $1.2M, enveloping all operational and administrative expenses. Despite the escalating costs, our strategic cost management measures were effective, allowing us to deliver a net profit of $0.8M. This result underscores our ability to drive profitability while navigating through various financial constraints.

Key growth areas this quarter have been product development and market expansion, which have significantly contributed to our increased revenue. The investments we made in these domains are beginning to bear fruit, indicating that our resource allocation strategy has been effective.

Nevertheless, we faced challenges in the face of rising operational costs, which have put a strain on our profit margins. A close scrutiny of these costs reveals opportunities for optimization and efficiency enhancement.

As we move into the next quarter, my recommendation is to focus on cost optimization strategies. This includes revisiting our supply chain operations, streamlining processes, and leveraging technological advancements to automate repetitive tasks. Additionally, we should continue to invest in our identified growth areas and explore new markets to diversify our revenue streams.

Our performance this quarter is indicative of the potential we have to achieve stellar results. Let's carry forward this momentum, coupled with a reinvigorated focus on efficiency and innovation, to drive superior performance in the coming quarter.

Best Regards,

[Your Name]
(Version #2)"
Participant_E,Creative_Writing,2,225.74258422851562,100,"In the great tapestry of life, woven with the silken threads of fate, a tiny village of England, cradled in the verdant bosom of nature, was the stage for our tale. A tale of hearts entwined, of polite society, and a moral dilemma that shook the foundations of decorum.

Lady Felicity, a vision of celestial grace, was the diamond of this societal construct. Her reputation, as pristine as the morning dew upon a rose, held an enchanting allure. Sir Percival, an emblem of nobility, was stricken by her charm. Their hearts danced in the ballroom of affection, whispering sweet sonnets of love.

Yet, a tempest brewed in the teacup of their romance. Lady Felicity was enticed by the vibrant hues of a Bohemian life, a life that threatened to shatter the porcelain tranquility of the polite society she was bound to. She yearned for the freedom to paint her world with the palette of her heart, a desire that clashed with the grey hues of societal expectations.

Sir Percival, a knight standing on the chessboard of morality, was caught in this conundrum. His love for Lady Felicity was as deep as the ocean, yet he was a man of honour. He was torn between his duty to uphold the societal norms and his longing to protect Lady Felicity's dreams.

One evening, under the watchful eyes of a thousand stars, Sir Percival approached Lady Felicity. Their dialogue, gentle as the rustling leaves, floated in the air. ""Felicity,"" he began, ""Your heart sings a song so beautiful, it could bewitch the moon from the sky. But, it clashes with the symphony of society. I stand at the crossroads of love and duty, and I do not know which path to tread.""

Felicity, her eyes shimmering with unshed tears, replied, ""Percival, your dilemma is a mirror reflecting my own. The world we inhabit is a sonnet written in a language we yearn to rewrite. But are we willing to pay the cost of our rebellion?""

Their words hung in the air, a question mark etched upon the canvas of night. Their moral dilemma, a clash of societal expectations and individual dreams, was like a riddle wrapped in an enigma. As the night deepened, they held onto each other, their hearts echoing the silent symphony of their shared predicament."
Participant_E,Technical_Explanation,2,230.18094754219055,100,"Imagine a canvas of pixels, an array of colors and shapes, a digital mosaic that paints a picture. This is our data, our image, that we wish to understand. The artist in this tale is our convolutional neural network (CNN), a deep learning algorithm that interprets this mosaic with an astute eye and a fine brush.

The first stroke is convolution, where the CNN applies a series of filters, or kernels, across the image. These filters, akin to stencils, are designed to detect patterns and features within the image. They move across the canvas, each pass capturing a distinct element, a unique aspect of the whole. The process of convolution transforms our original image into a rich tapestry of features.

Then comes the pooling layer, the sieve that filters out unnecessary detail. It's a reductionist poet, turning verbose prose into succinct verse, preserving the essence while discarding the unimportant. This step drastically reduces the dimensionality of our data, making it easier for our network to handle.

The final act is backpropagation, the maestro orchestrating this symphony of learning. It adjusts the weights and biases of the network, fine-tuning the melody until it reaches a harmonious crescendo. It's a dance between calculated loss and gradient descent, a journey towards the most optimal solution.

Thus, our artist, the CNN, interprets the image, learns from it, and creates a representation of it that allows us to understand the story encoded in every pixel."
Participant_E,Business_Executive_Summary,5,522.6767466068268,100,"As the second quarter unfurls its fiscal narrative, we find ourselves dwelling within an economic tapestry woven with threads of growth, challenges, and unyielding resilience. Our tale for Q2 is one of both harvest and seed sowing, as we garnered a revenue of $2M, a robust figure, a testament to our collective effort and strategic prowess.

The cost of crafting our success story, a necessary investment, stood at $1.2M, a testament of our journey through the labyrinth of operational complexities. Yet, we emerged from this maze not as Theseus, but the Minotaur, stronger and more adept, revealing a profit of $0.8M, a beacon illuminating our fiscal landscape.

The key growth sectors were like verdant vineyards, brimming with the grapes of prosperity, contributing significantly to our revenue increase. Yet, amidst this growth, there lay challenges, like stubborn boulders on our path, testing our resilience and adaptability.

As we look towards the next quarter, like mariners preparing for a new voyage, we must navigate our ship with foresight and precision. The recommendation for Q3, therefore, is to bolster our strengths, those sectors that have been the bedrock of our growth. Simultaneously, we must face our challenges like a blacksmith taming the wildest of irons, turning them into our weapons of success. 

Thus, let us march forward into Q3, with our heads held high and hearts ablaze with the fire of ambition, ready to write yet another chapter of our success saga."
