method,participant_name,task_name,iteration_count,time_spent_sec,final_score,final_output
adhoc,Participant_A,Creative_Writing,5,204.828788,75,"In the esteemed society of Bath, resided a gentleman of uncommon civility, Mr. Albert Sutherland. A man of considerable wealth and respected lineage, he was the epitome of decorum and propriety. However, Mr. Sutherland found himself in a most vexing predicament.

He had two daughters, both of whom were of marriageable age. The older, Miss Amelia Sutherland, was a lady of unparalleled beauty and grace, possessing a spirit as lively as her eyes. The younger, Miss Clara Sutherland, was a woman of remarkable intellect and charm, her strength lying in her wit and sharp mind. 

It was customary for the elder daughter to marry first, a tradition respected by all in their circle. However, the heart, as we know, is a creature of its own will, and it was the younger Miss Sutherland who had captured the affection of a certain Mr. Charles Bingley, a gentleman of good standing and inheritance.

The proposal of Mr. Bingley was a highly anticipated event, for he was a man of admirable character and fortune. Yet, his preference for the younger Miss Sutherland presented a quandary of propriety. Should Mr. Sutherland adhere to societal expectations and refuse the proposal, leaving his older daughter to the cruel whispers of society? Or should he grant his younger daughter the happiness she so desired, at the risk of tarnishing their family's reputation?

This moral dilemma weighed heavily on Mr. Sutherland. His love for his daughters was paramount, and he wished for their happiness above all else. However, the societal norms held a powerful sway over him, and he found himself torn between his heart and the expectations of his peers.

In the end, he chose the happiness of his offspring over the constraints of society. His decision was met with a mix of shock and admiration from his peers, but he held his head high, knowing that he had made the right choice.

His story serves as a poignant reminder that sometimes, the path of true happiness may not align with societal expectations. However, it is the courage to follow our hearts and not the crowd that defines our character. Mr. Sutherland chose love over tradition, a decision that, though challenging, ultimately led to the happiness of his family. This act of courage, of choosing love over societal norms, is a testament to his character and the very essence of his humanity."
adhoc,Participant_A,Technical_Explanation,3,98.79664636,100,"Convolutional neural networks (CNNs) are a class of deep learning models used primarily in image processing and computer vision tasks. They use three key concepts: convolution, filters or kernels, and backpropagation. 

The convolution operation is the first step. It involves sliding a filter or kernel - a small matrix of weights - across an image to create a feature map. This map highlights important features in the image, such as edges or shapes. Convolution layers are designed to automatically and adaptively learn spatial hierarchies of features.

Each filter is designed to recognize different features, and the depth of the feature map (number of filters) results in a three-dimensional output. This process can be repeated multiple times with multiple filters, generating multiple feature maps. 

Following convolution, pooling layers are often added to reduce dimensionality and computational complexity, and to help prevent overfitting. 

Finally, these feature maps are flattened and fed into fully connected layers, which perform high-level reasoning. 

Backpropagation is the mechanism by which CNNs learn. It is an algorithm for training the filters' weights, and it works by minimizing a loss function. Essentially, it calculates the gradient of the loss function with respect to the weights, and adjusts the weights in the opposite direction of the gradient to minimize the loss. 

In sum, CNNs work by using convolution to extract features, pooling to reduce dimensionality, and backpropagation to learn and adjust the weights of the filters."
adhoc,Participant_A,Business_Executive_Summary,4,110.0520756,100,"Subject: Executive Summary: Q2 Financial Performance and Strategic Recommendations

Dear Team, 

I am pleased to present the financial summary for our second quarter. Our diligent efforts have resulted in noteworthy progress; however, we also encountered several challenges that require our attention.

Our revenue for Q2 reached $2M, marking a significant milestone for our business. This achievement reflects the robustness of our business model and the effectiveness of our sales and marketing strategies. Despite the volatile business environment, our revenue generation capability remained resilient, and we managed to outperform our initial projections. 

Our operating costs for the quarter totaled $1.2M. While this represents a considerable expense, it is important to note that these costs were necessary for the expansion of our operations and the enhancement of our service offerings. Our focus on cost optimization and efficiency has been instrumental in controlling these expenses, but there is still room for improvement.

The resultant profit for Q2 stands at $0.8M. This figure underscores our financial stability and solidifies our market position. While gratifying, the profit margin also serves as a reminder of the need for continuous improvement, particularly in the areas of cost management and revenue expansion.

Moving forward, we must address the challenges identified this quarter. Supply chain disruptions and increasing raw material costs have been problematic, affecting our cost structure. We will need to devise strategies to mitigate these issues and maintain our operational efficiency.

In terms of growth areas, our digital product line has shown significant promise, contributing substantially to our revenue increase. We should consider investing more in this sector, optimizing our digital offerings, and capitalizing on emerging market trends.

For the next quarter, I recommend a two-pronged approach: first, continue our aggressive cost management strategies to offset any potential market instabilities. Second, capitalize on our digital product line's success by allocating more resources to its development and marketing.

In summary, while Q2 presented its challenges, our financial performance demonstrates our ability to navigate through them successfully. By focusing on cost management and strategic growth areas, we can continue to drive our business forward.

Sincerely,
[Your Name]"
adhoc,Participant_B,Creative_Writing,5,186.692925,75,"In the delicate circles of Bath's most genteel society, where the exchange of pleasantries was as crucial as the exchange of bank notes, resided the esteemed Everett family. Among their brood, the young Miss Amelia Everett was considered a jewel, her charm and wit as radiant as her azure eyes. Yet, beneath the glittering surface of propriety, a moral dilemma was brewing, one that would challenge the very fabric of their polite society.

Miss Everett was the recipient of a proposal from the affable Mr. Charles Woodbridge, a gentleman of considerable fortune and good standing. Their union was eagerly anticipated by those in their circle, promising as it did a continuation of the harmony that existed in their social stratum. However, Miss Everett harbored a secret affection for the humble, yet erudite, Mr. Benjamin Hartley, a local vicar of modest means.

As was customary, a grand ball was held to celebrate the impending union of Miss Everett and Mr. Woodbridge. The grandeur of the event was a sight to behold, the cream and gold ballroom echoing with polite laughter and the soft strains of a violin. Yet, amidst the revelry, Miss Everett was a picture of solemnity, her normally sparkling eyes clouded with unease.

Approaching her in the midst of the lively gathering was Mr. Hartley. Their conversation, filled with refined wit and shared interests, only served to heighten her internal turmoil. Her heart yearned for the simplicity and authenticity that Mr. Hartley represented, yet society and duty beckoned her towards the affluence and stability that Mr. Woodbridge promised.

“Miss Everett,” Mr. Hartley began, his voice barely above a whisper, “I am aware of the impropriety, but I must speak my truth. I harbor feelings of the deepest affection for you.”

The revelation plunged Miss Everett into deeper turmoil. Her heart pounded with the weight of the decision she had to make. On one hand, accepting Mr. Woodbridge's proposal would secure her family's position in society and provide a comfortable life. On the other, choosing Mr. Hartley would mean choosing love and happiness, though it would be at the expense of societal expectations and financial security.

In the end, Miss Everett made a choice that would send ripples through their polite society. She chose love over duty, happiness over wealth, and in doing so, she redefined the boundaries of their world. Her decision was a testament to the power of authenticity and love, even in the face of societal norms and expectations.

Through this narrative, we witness the delicate balance between societal expectations and personal happiness. It serves as a reminder that true happiness lies not in conforming to societal norms, but in staying true to one's heart."
adhoc,Participant_B,Technical_Explanation,1,43.61741853,100,"In our tale of artificial intellect, the convolutional neural network (CNN) emerges as a heroic protagonist, embarking on a journey through layers of abstraction to recognize patterns in massive datasets. 

The saga begins with convolution, the first step in our CNN's journey. Picture convolution as a magical lantern that illuminates a small section of the larger image, or data, at a time. This lantern, also known as a filter or a kernel, is a matrix of weights that scans the entire image, shifting its spotlight in strides, to translate the image into a series of numbers. The CNN uses these weights to perform a mathematical operation on the data, creating a convolved feature or feature map.

Our hero then encounters the mighty filters or kernels, acting as the CNN's eyes, enabling it to see and learn from the data. These filters are not just simple matrices; they are the keepers of knowledge, capturing essential details like edges, shapes, or textures. As the network trains, the filters adjust their values, enhancing their ability to capture the most informative features.

The CNN's journey is not a one-way street. Once it has moved forward, extracting and learning from the image data, it must return or 'backpropagate' to adjust its parameters. Backpropagation is like a time-travel mechanism, allowing the network to revisit previous layers and tune the weights of the filters based on the error in its prediction. This process of forward and backward travel is repeated until the CNN minimizes the error, becoming a master of recognizing patterns in the data.

Thus, the convolutional neural network, through a synergy of convolution, filters, and backpropagation, embarks on a journey of learning and self-improvement, mirroring the process of human learning in the fascinating world of machine learning."
adhoc,Participant_B,Business_Executive_Summary,1,41.21398497,100,"Subject: Q2 Financial Summary and Forward-Looking Recommendations

Dear [Addressee],

I am pleased to share with you a summarization of the financial performance of our company for the second quarter. This period has been defined by significant leaps forward, challenges surmounted, and opportunities ripe for the seizing.

Our revenue for Q2 stood at a robust $2M, a testament to the efficacy of our strategies and the relentless efforts of our team. Despite an increasingly competitive landscape, our diverse product portfolio and loyal consumer base have allowed us to maintain steady revenue streams and achieve our targets.

However, it is also critical to acknowledge costs incurred, which totalled $1.2M for the quarter. These costs primarily encompassed operational expenditures, marketing, and R&D investments. Notably, a significant portion of these costs were forward-focused, aimed at nurturing long-term growth and strengthening our market position.

The resultant profit for this quarter is $0.8M, a figure that underscores our ability to manage our resources adeptly and generate healthy returns. The profit validates our business model and is evidence of the potential our organization holds for sustained growth and profitability.

Key growth areas that emerged this quarter include our digital transformation efforts and expansion into new markets. Our digital initiatives have yielded substantial returns, demonstrating the vast potential of this platform for future growth. Simultaneously, our entry into new markets has proven successful, opening up fresh revenue streams and opportunities.

On the flip side, challenges faced were primarily in the form of rising operational costs and intensified market competition. While we have managed to navigate these hurdles adeptly, they warrant close attention moving forward.

Looking ahead to Q3, it is recommended that we continue to fortify our digital presence and explore new markets, given the promising results these initiatives have shown. However, it is equally important to address our rising costs. Operational efficiencies should be identified and implemented, and cost-effective marketing strategies should be prioritized. Additionally, given the heightened competition, we must strive to innovate continually, ensuring our offerings remain differentiated and appealing to our customers.

In conclusion, Q2 has seen us make strides in our journey, but there is much more to achieve. Let us continue to harness our strengths, address our weaknesses, and steer our company towards a future filled with success and growth.

Best Regards,

[Your Name]
[Your Position]"
adhoc,Participant_C,Creative_Writing,3,129.6790552,100,"In the pleasant village of Highbury, resided the highly respected Linton family. The Lintons, particularly known for their genteel authority and adherence to propriety, were led by the widowed matriarch, Mrs. Linton. 

One late autumn afternoon, Mrs. Linton's prodigious drawing room bore witness to a peculiar gathering. Mrs. Linton, her daughter Miss Linton, and their guests, the Ellingtons, were engaged in polite society dialogue. The conversation was punctuated by the occasional tinkle of fine china and the comforting crackle of the fire. As they conversed, a dilemma of considerable proportion began to unfold.

Miss Ellington, a young maiden of equal parts beauty and wit, was besotted with a certain Mr. Darcy, a man of respectable fortune and standing. The problem, however, lay in the fact that Miss Linton, the only offspring of the Linton family, also harbored a deep affection for the same gentleman.

Mrs. Linton, with a mother's instinct, noticed her daughter's disquiet. The predicament was as clear as crystal to her; to let her daughter pursue her heart's desire at the risk of losing a cherished friendship, or to advise her daughter to step aside, thereby ensuring the preservation of social harmony but at the cost of her daughter's happiness.

The room was heavy with the unsaid, the polite discourse now a mere cover for the underlying tension. Mrs. Linton, a woman of wisdom and experience, decided to take the matter into her own hands.

""Miss Ellington,"" she began, her tone steady and her gaze kind, ""There is a certain quality in a woman, a quality that surpasses beauty and wit, and that is grace. Grace to accept what is rightfully hers and grace to let go of what is not.""

The room went silent, the meaning of her words sinking in. Miss Ellington, though initially taken aback, soon nodded her understanding, her eyes reflecting a newfound maturity. Miss Linton, on the other hand, looked at her mother with a mix of surprise and gratitude.

The day ended on a note of poignant understanding. The moral dilemma, though not completely resolved, had at least been addressed in a way that maintained the veneer of polite society while imparting an important lesson. The Lintons and the Ellingtons parted ways with a deepened respect for each other, their bonds of friendship strained but not broken.

In the world of Jane Austen, where polite society and moral dilemmas often intertwine, it is the grace with which these dilemmas are handled that truly defines a character. The story of Mrs. Linton, Miss Linton, and Miss Ellington serves as a reminder of this timeless truth."
adhoc,Participant_C,Technical_Explanation,5,140.0440807,100,"Convolutional Neural Networks (CNNs) are a specialized kind of Neural Network designed for processing data with grid-like topology, commonly used in image analysis. Central to CNNs are concepts of convolution, filters or kernels, and backpropagation.

Convolution, a mathematical operation, forms the heart of the network. It involves overlaying a filter (or kernel) on the input data and calculating the dot product, effectively transforming the input into a set of feature maps. This process captures local dependencies in the original data.

Filters or kernels are small matrices used in convolution. They are essential in detecting features such as edges, textures, or shapes. The depth of the kernel usually matches the depth of the input data. For instance, in color image processing, the depth would be three to correspond to the RGB channels.

Backpropagation is the method used for updating the weights and biases of the filters, optimizing them to minimize the loss function. During backpropagation, the errors are propagated backward through the network, starting from the output layer to the input layer, adjusting the filter values to improve the network's predictive performance.

CNNs have multiple layers, including convolutional layers, pooling layers, and fully connected layers. Each plays a unique role in the process of extracting and processing spatial hierarchies, leading to the final output. Ultimately, CNNs have revolutionized fields like computer vision by providing efficient, scalable solutions for image and video processing tasks."
adhoc,Participant_C,Business_Executive_Summary,2,55.84939647,100,"Subject: Executive Summary Q2 Financials and Recommendations

Dear Team,

I am pleased to provide a review of our second quarter financial performance, demonstrating our commitment to transparency and accountability. This quarter saw a substantial revenue of $2M, a reflection of our team's continued dedication and hard work. However, it's crucial to understand that this does not represent pure profit, as we also incurred costs amounting to $1.2M.

Our net profit for Q2 is $0.8M, a favorable figure, indicative of our strong financial health and the efficacy of our current strategies. This profit is a testament to our prudent financial management and our team's relentless pursuit of operational efficiency.

A key area of growth identified this quarter is our increased market share, which has significantly contributed to our increased revenue. Our strategic marketing initiatives have proven successful, showing that investing in our branding and customer engagement has led to this favorable outcome.

However, alongside these successes, we have also encountered challenges. The rise in our costs, although expected, has been higher than anticipated. This surge is largely due to supply chain disruptions, an industry-wide issue that has impacted us. Reducing these costs and overcoming supply chain challenges will be a priority for us in the coming quarter.

Moving forward, we recommend focusing on cost optimization strategies in Q3. This involves a thorough review of our operational processes to identify areas where efficiency can be further improved, thereby reducing costs. Additionally, contingency plans need to be developed to mitigate the impact of supply chain disruptions, should they persist.

In conclusion, we have had a profitable Q2, but there is room for improvement in managing costs and supply chain issues. We are confident that by focusing on these areas, we can enhance our profitability and continue our growth trajectory in Q3.

Thank you for your continued dedication and commitment to our shared success.

Best Regards,

[Your Name]
[Your Position]"
adhoc,Participant_D,Creative_Writing,5,242.647439,75,"In the serene village of Hartfield, nestled amidst undulating hills and verdant meadows, there resided two esteemed families, the Hartleys and the Eldridges. Their amicable relations were put to a strenuous test when a moral dilemma presented itself, courtesy of the future.

The Hartleys, proud owners of a prominent estate, had a single daughter, the graceful Miss Arabella. The Eldridges, on the other hand, were graced with two sons, both of remarkable character and intellect. The eldest, Mr. Edwin, was a known AI enthusiast, always engrossed in futuristic details and fantastical imaginations.

It so happened that one fine day, Mr. Edwin unveiled his latest creation, a charming AI, named 'Elinor'. Elinor was designed to assist in household affairs, yet her sophisticated intelligence and striking resemblance to human behaviour were uncanny.

At a grand assembly at the Hartley mansion, Mr. Edwin presented Elinor. The AI's etiquette, intelligence, and charm beguiled the guests, including Miss Arabella. However, her father, the formidable Mr. Hartley, was not so easily swayed. He found the idea of an AI mingling in polite society rather unsettling.

""A machine amidst us, is it proper?"" he questioned, his brow furrowed in concern. ""Surely, Edwin, your fascination with these futuristic details have led you astray.""

Mr. Edwin, though taken aback, responded with measured calmness. ""On the contrary, Mr. Hartley, Elinor is an embodiment of progress. She is not intended to replace us, but to aid us.""

The room fell silent, the tension palpable. Miss Arabella, her heart torn between her fascination for Elinor and her loyalty to her father, finally spoke. ""Father, I find Elinor intriguing. Her presence among us could be beneficial. Yet, I understand your concerns too.""

The moral dilemma now lay bare. Should they embrace the advances of technology, even if it meant altering the fabric of their society? Or should they adhere to tradition, sacrificing progress?

As the assembly dispersed, the question lingered. The moral dilemma had sparked a debate, one that was certain to echo in the halls of the Hartley mansion for days to come. For the genteel society of Hartfield, the future had arrived, and it was as intriguing as it was unsettling."
adhoc,Participant_D,Technical_Explanation,3,99.46998143,100,"Convolutional Neural Networks (CNNs) are a class of deep learning algorithms primarily employed in image processing tasks. The hallmark of CNNs is their ability to make sense of spatial data, such as pixels in images, by convolving filters (also known as kernels) over the input data. 

In the convolution process, a filter, which is a small matrix of weights, moves across the input data, performing element-wise multiplication and summing the results to generate a new matrix called a feature map. This is repeated for multiple filters, each potentially learning to recognize different features in the image. For instance, one filter may recognize edges, another may detect circles, and so on. 

The feature maps are then passed through an activation function (usually a ReLU) to introduce non-linearity into the model, allowing it to learn complex patterns. Following this, pooling layers progressively reduce the spatial size of the representation, decreasing the amount of parameters and computation in the network. 

The final layers of a CNN are typically fully connected layers that perform high-level reasoning, leading to the final output, such as a classification result. 

Training a CNN involves adjusting the filter values to minimize a loss function. This is achieved through a process called backpropagation, which calculates the gradient of the loss function with respect to the network's weights. The weights are then updated in the direction that minimally reduces the loss. 

In summary, CNNs leverage the spatial structure of data, using convolution and pooling operations to learn hierarchical representations, and backpropagation to train the network. Despite their computational intricacy, CNNs have been instrumental in advancing the state-of-art in various computer vision tasks."
adhoc,Participant_D,Business_Executive_Summary,2,66.69928646,100,"Subject: Executive Summary Q2 - Revenue, Costs, Profit & Future Recommendations

Dear Executive Team,

I am pleased to present the summary of our Q2 financial performance. 

We have witnessed robust growth this quarter, with total revenue reaching $2M. This shows a significant improvement compared to our performance in the previous quarter and clearly indicates our strategic alignment with market demands. The expansion of our product portfolio and the strengthening of our customer relationships have contributed to this remarkable revenue growth.

However, our costs have also increased, totaling $1.2M for the quarter. The rise in costs is largely attributable to our investments in research and development, as well as the expansion of our sales and marketing efforts. It is important to note that these are strategic expenses geared towards creating long-term value and growth for our company.

Despite the increase in costs, we've managed to secure a profit of $0.8M, a testament to our team's relentless efforts to balance aggressive growth strategies with prudent cost management.

In terms of challenges, the main issue this quarter has been managing the increased costs while ensuring continuous growth. This has put some pressure on our profit margins. However, given the strategic nature of these expenses and the potential they hold for future growth, we believe they are justified.

Looking ahead, our primary focus should be on maintaining our growth trajectory while controlling costs more effectively. We believe that by improving operational efficiencies and investing in technologies that automate routine tasks, we can reduce our costs without compromising our growth prospects. 

In conclusion, while we celebrate our wins and learn from the challenges of this quarter, it is recommended to continue these strategic investments, but with a stronger focus on cost optimization. The key to success in the upcoming quarter would be striking a balance between pursuing growth and maintaining profitability.

Thank you for your attention to these matters.

Best Regards,
[Your Name]"
adhoc,Participant_E,Creative_Writing,5,210.0835927,75,"In a serene tapestry of verdant English countryside, nestled the quaint village of Fairmont. Amongst its genteel society, the Fairmont ladies had convened in the illustrious drawing-room of the Manor House, their tongues dancing with anticipation.

""Dear Lady Eleanor,"" began Mrs. Harcourt, her words sparkling with mirth, ""Your ball last Friday was a splendid orchestra of elegance and mirth.""

Lady Eleanor, a picture of regal grace, replied with a modest smile, ""Your kind words, dear Mrs. Harcourt, are like the sweetest melodies to my ears.""

The conversation meandered like a gentle brook, until it found its way to the heart of the matter. ""But what of your cousin, Sir Richard?"" Mrs. Harcourt inquired, her eyes aflutter with curiosity.

Lady Eleanor's demeanor shifted, like the calm before a storm. Sir Richard, her beloved cousin, was the embodiment of gentlemanly virtues. Yet, he was ensnared in a moral labyrinth. He was courted by the enchanting Miss Abigail, a lady of substantial fortune but questionable lineage. On the other hand, Miss Charlotte, though of impeccable pedigree, was as destitute as a church mouse.

""Oh, Sir Richard,"" sighed Lady Eleanor, ""He stands on the precipice of a profound dilemma. To choose Miss Abigail is akin to plucking a ripe, juicy apple from a forbidden tree, while Miss Charlotte is a pristine lily blooming in arid soil.""

The room simmered with silent contemplation, each lady adorning her thoughts with empathy. To choose love and wealth over social standing was a decision that teetered on the thin line of propriety and scandal.

""Perhaps,"" ventured Mrs. Harcourt, her words as soft as a summer breeze, ""Sir Richard should follow his heart's compass, and not the map society has laid out for him.""

Lady Eleanor nodded, her heart echoing the sentiment. ""Indeed, dear Mrs. Harcourt, society's dance may be choreographed, but the steps of love are as unpredictable as the winds of change.""

Their words, like seeds sown in the fertile soil of wisdom, sprouted a new perspective. The moral compass of society may dictate the course of action, but it's the heart's melody that truly guides our steps. In the intricate ballet of polite society, perhaps it was time for new steps to be danced, for love to be chosen over lineage, for heart's wealth over worldly riches.

Thus, in the grand tapestry of Fairmont, amidst the genteel chatter and teacups, a radical thought was born, draped in the elegant language of polite society. A moral dilemma, indeed, but also a beacon of change, painting a new dawn on the horizon of their genteel world."
adhoc,Participant_E,Technical_Explanation,1,33.75060678,100,"Like a symphony of intricacy, the Convolutional Neural Network (CNN) performs its ballet, a dance of patterns, numbers, and matrices. It's a maze that's woven together with threads of algorithms, etching the path of artificial intelligence.

In its heart, the CNN holds the convolution process: a mathematical waltz that intertwines the input data with a filter, or kernel. Imagine the kernel as a spotlight, casting its glow across the stage of the input information. It pirouettes across the data, step by step, highlighting important features, and composing a unique silhouette, a convoluted output or feature map.

These filters are not mere static entities; they are the choreographers, the maestros of this performance. They are carefully designed, each one a unique composition of weights, like notes on a musical score. Each filter echoes a different tune, recognizing different patterns and orchestrating a unique feature map.

But how do these maestros learn to conduct this grand spectacle? Enter the maestro's own mentor: backpropagation. This is a riveting drama of trial and error, a journey of self-improvement. When the network makes a false step, the error is calculated. This error, like a harsh critic, travels backwards through the network, subtly adjusting the weights of the kernels, honing their skills, refining their performance. It's a dance of learning, a ballet of self-correction.

And so, the Convolutional Neural Network dances on, a perfect blend of artistry and precision, weaving together the tapestry of artificial intelligence with each convolution, each filter, each step of backpropagation. It's a testament to the beauty of patterns, of learning, of growth; a dance that never truly ends, only evolves."
adhoc,Participant_E,Business_Executive_Summary,5,176.2799776,100,"As the sun sets on Q2, we find ourselves standing at the threshold of a lush financial landscape. A robust revenue stream, a gentle brook cascading with $2M, has nourished our corporate fields. The seeds sown by our diligent workforce have blossomed, producing a bountiful harvest of profit, amounting to a healthy sum of $0.8M. The garden, however, did not flourish without its share of resources; the costs incurred were a necessary rain shower of $1.2M, nurturing our growth.

Key growth areas unfurled like sunflowers turning towards the light. The petals of innovation, resilience, and customer engagement unfurled brightly, their vibrant colors dazzling in the radiant glow of success. Our team's inventive spirit, akin to bees buzzing with ideas, pollinated our business, causing it to bloom in unexpected and delightful ways.

Yet, even in the most fertile of grounds, challenges, those relentless weeds, find a way to sprout. We've had to grapple with the thorny issues of market volatility and competitive pressure. The unpredictable winds of the economic climate have swayed the sturdy branches of our enterprise, testing the tenacity of our roots.

As we march into Q3, let us not forget the lessons harvested from the past season. The sun may have set on Q2, but a new dawn awaits us, promising fresh opportunities. Let us arm ourselves with the gardener's wisdom: to cultivate resilience, prune inefficiency, and sow the seeds of innovation. 

Our recommendation for the coming quarter is akin to preparing for the next planting season. Let's invest in deep plowing, our research and development, to unearth fertile ideas. Strengthen our roots in customer service and engagement to weather the storms. And finally, let us remember to water our team's morale, for a happy gardener yields a plentiful harvest.

In this garden of enterprise, we are the custodians of our growth. Let us tend to it with diligence and foresight, for the fruits of our labor are as sweet as our efforts are abundant. Let the winds of Q3 carry the seeds of our success to even greater heights."
pdr,Participant_A,Creative_Writing,4,445.3335416,100,"In the idyllic town of Epping, where the gentry led lives of quiet dignity, resided the amiable Miss Charlotte. A woman of great virtue and propriety, she was admired by all for her gentle demeanour and wisdom. However, an incident of grave consequence was soon to challenge her principles and divide her loyalties.

One fine morning, Miss Charlotte received a letter from her dear friend, Lady Amelia. The letter bore the weight of a confession, one that would disrupt the tranquillity of polite society. Lady Amelia admitted to having fallen in love with a man of no fortune – a resident artist, Mr. Hastings, who was considered beneath her station. This was a dilemma of the highest order, for it was against societal norms for a Lady of such standing to wed a man of meagre means.

Miss Charlotte, in her wisdom, understood the depth of Lady Amelia's affection. She knew well that this was not a fleeting fancy but the stirrings of true love. Yet, she was also acutely aware of the repercussions that such a match would have on Lady Amelia's reputation and standing in society.

Should she counsel Lady Amelia to follow her heart at the risk of societal scorn? Or should she advise Lady Amelia to safeguard her social standing and jettison her feelings for Mr. Hastings? The dilemma was indeed a profound one, for it was not merely a question of love but one that tested the very principles that governed their society.

Miss Charlotte found herself at crossroads. On one hand, she believed in the sanctity of love, yet on the other, she was a product of a society that placed an individual's standing above all else. The conundrum before her was not just Lady Amelia's but her own as well, for her advice would reveal the values she held in higher regard – love or societal norms.

This tale, set amidst the backdrop of polite society dialogue and laden with a moral dilemma, is a testament to the complex fabric of human emotions and societal pressures. It encapsulates the eternal struggle between the heart and the mind, between passion and propriety. The resolution is yet to unfold, but it serves as a reminder that even in the most polite societies, the heart yearns for what it yearns, often at odds with the rules that govern us."
pdr,Participant_A,Technical_Explanation,1,95.47199631,100,"Convolutional Neural Networks (CNNs) are a class of deep learning algorithms widely employed in image and video processing tasks. The fundamental operations that power a CNN are convolution and backpropagation. 

Convolution is the first layer where the input image is processed using a set of filters or kernels. Each filter performs a specific task, such as edge detection or blur, and is convolved across the input image to produce a feature map. The filters are not preprogrammed but are learned via training the network. 

The Convolutional layer is followed by a nonlinear operation, often a Rectified Linear Unit (ReLU), which introduces non-linearity to the model. After this, a pooling or subsampling layer is typically used to reduce the spatial size of the representation, thus decreasing the computational complexity of the network. 

After one or more convolutional layers, the high-level reasoning in the neural network is done via fully connected layers. Neurons in a fully connected layer have connections to all activations in the previous layer, as seen in regular Neural Networks.

Backpropagation is the method used to train the CNN. It involves computing the gradient of the loss function with respect to the weights of the network. The weights are then updated in the direction that minimizes the loss function. This process is repeated iteratively until the network is adequately trained.

CNNs, through these processes, are capable of automatically and adaptively learning spatial hierarchies of features, which make them particularly effective for image classification tasks."
pdr,Participant_A,Business_Executive_Summary,1,109.0570316,100,"Subject: Executive Summary - Q2 Performance and Recommendations for Q3 

Dear [Recipient's Name],

I hereby present to you a succinct account of the financial performance of our business for the second quarter of this fiscal year. We have made significant strides in our revenue growth, which stood at an impressive $2M, demonstrating a robust financial health of the organization.

Our prudent and strategic cost management resulted in expenditures of $1.2M, leading to a substantial profit margin of $0.8M. This profit margin underscores our formidable financial management strategies and the efficacy of our business operations.

In terms of growth areas, we witnessed a remarkable increase in our product sales, which resulted in a noteworthy contribution to our revenue stream. Additionally, our efforts to diversify our client base has shown promising results, strengthening our market position and paving the way for future growth.

However, we also faced challenges that have impeded our growth trajectory. We continue to grapple with rising operational costs that have the potential to dampen our profit margins. Furthermore, we have noticed that our customer acquisition rates have plateaued, indicating a need for renewed focus on our marketing strategies.

As we move into the third quarter, it is crucial that we address these challenges head on. It is recommended that we invest in innovative cost reduction strategies, such as process optimization and automation. This will help us maintain our profit margins without compromising the quality of our products or services. Additionally, we should reevaluate our marketing strategies to ensure we are effectively reaching potential customers and maintaining robust customer acquisition rates.

In conclusion, the second quarter has been successful, but there is room for improvement. The challenges we face are not insurmountable and with the right strategies, we can continue our upward trajectory in the next quarter.

Yours sincerely,

[Your Name]
[Your Position]"
pdr,Participant_B,Creative_Writing,5,630.8228064,75,"In the quiet town of Worthington, there resided a charming young woman, Miss Elizabeth Hartley, known for her wit and kindness. Elizabeth was the eldest daughter of the respectable Hartley family, and her reputation was as spotless as the gowns she wore. However, her world was soon to be disrupted by a moral quandary of the most perplexing nature.

One evening, as the family was gathered in their drawing-room, a letter arrived from the distinguished Sir Thomas Bingley, a man of considerable wealth and influence. Sir Thomas requested the pleasure of Miss Hartley's company at an upcoming ball at his grand estate, a matter of great honour for any family.

However, Elizabeth was already acquainted with Sir Thomas and his reputation. He was a man known for his insatiable greed and disregard for the less fortunate. Elizabeth found his character to be in stark contrast with the values she held dear. The prospect of attending his ball was morally repugnant to her.

""But Elizabeth,"" her mother implored, ""this is a golden opportunity for us. Sir Thomas is a man of great standing. His favour could secure our family's future.""

Elizabeth's heart ached. She understood her mother's concern, for their family was not of substantial means. But could she compromise her principles for material gain?

Her younger sister, Sophia, chimed in, ""Lizzie, think of the fun we could have. The gowns, the dances!""

Elizabeth sighed, her mind in turmoil. She looked at the faces of her loved ones. She knew they only wanted the best for her, and for themselves. But at what cost?

In the end, Elizabeth made her choice. She declined Sir Thomas's invitation. It was a decision that brought disappointment to her family, and whispers of scandal to the town. But Elizabeth stood firm. For she believed that wealth and influence should never outweigh kindness and integrity. And in the silence of her room, she found a peace that no grand ball could ever offer.

Through her actions, Elizabeth Hartley taught the town of Worthington a lesson that day: true value lies not in material wealth, but in the strength of one's character. And it was a lesson that, in time, even her family came to appreciate. 

(Version #2)"
pdr,Participant_B,Technical_Explanation,1,93.76134253,100,"Convolutional Neural Networks (CNNs) are a class of deep learning models predominantly used in image processing tasks. They are inspired by the biological processes in the human brain and are designed to automatically and adaptively learn spatial hierarchies of features from the input data.

CNNs employ three primary concepts: convolution, filters (or kernels), and backpropagation. 

Convolution is a mathematical operation that involves combining input data (in this case, pixels of an image) and a filter or a kernel to produce a transformed version of the input, often referred to as a feature map. This process helps to extract features such as edges, corners, and other spatial properties from the image.

Filters or kernels are matrices of weights that slide over the input image during the convolution process. These weights are learned during the training phase, allowing the network to determine which features are important to extract. They play a pivotal role in determining the depth of the feature map.

Backpropagation is a learning algorithm used to train the CNN. It helps to adjust the weights of the filters by propagating the error from the output layer back to the previous layers. The weights are adjusted in such a way that the difference between the predicted and actual output (the error) is minimized.

In summary, a CNN uses filters and the convolution process to extract features from input images. Through backpropagation, these filters are continuously adjusted during training to ensure accurate feature extraction and, consequently, precise predictions. 

(Version #3)"
pdr,Participant_B,Business_Executive_Summary,3,396.2879021,100,"Dear Team,

As we close the second quarter, we reflect upon our financial performance with an analytical lens. Our Q2 revenue is recorded at $2M, an indicator of our thriving operations. However, we must also take into account our costs, which have amounted to $1.2M. Consequently, our profit for this quarter stands at $0.8M.

The key growth areas include an expansion in our customer base and an increase in product sales, which have significantly contributed to this quarter's revenue. Our efforts in innovative marketing and quality customer service have indeed paid off, ushering in new customers and fostering loyalty among existing ones. Although we celebrate our successes, we must also acknowledge and address our challenges. We have observed a rise in operating costs, primarily due to supply chain disruptions and increased marketing expenses.

Moving forward, it is crucial to focus on maximizing profitability while maintaining our commitment to delivering quality products and services. Our recommendation for the next quarter is to streamline operations, reduce unnecessary costs, and invest in strategic marketing initiatives to enhance our reach and visibility further. We must also explore partnerships and collaborations to mitigate supply chain disruptions and strengthen our operational efficiency.

Thank you for your continued dedication and hard work. Together, we will strive for sustained growth and financial robustness.

(Version #2)

Dear Colleagues,

We have ended Q2 with encouraging financial results. Our revenue reached $2M, affirming our position in the industry. However, we faced costs amounting to $1.2M, leaving us with a profit of $0.8M for the quarter.

Our growth areas this quarter have been the expansion of our customer base and robust product sales, both substantially contributing to the revenue generation. Our dedication to innovation and customer service has proven fruitful. However, we faced challenges in the form of increased operating costs, primarily due to unforeseen supply chain disruptions and heightened marketing expenses.

As we forge ahead, it is vital to concentrate on enhancing profitability while not compromising the quality of our offerings. For the upcoming quarter, we recommend a thorough review of our operations to identify and curtail unnecessary costs. Further, we suggest investing in strategic marketing to broaden our customer reach. It is also essential to establish strategic partnerships to alleviate supply chain issues and boost our operational efficiency.

Your continuous efforts and commitment contribute to our collective success. Let's continue to aim for sustained growth and financial stability."
pdr,Participant_C,Creative_Writing,5,604.2898567,75,"In the quiet hamlet of Everwood, resided the genteel family of the Harrington's. Their daughter, Miss Isabella Harrington, was known for her great beauty, matched only by her kind heart and sensible nature.

One sunny afternoon, she was engaged in a lively conversation with her close confidante, Miss Charlotte Willoughby. Charlotte, a cunning, ambitious young woman, held a dubious proposition. ""Isabella, my dear,"" she began, her eyes glinting mischievously, ""I have come upon a scheme that may secure us both advantageous matches.""

Isabella, ever the embodiment of virtue, frowned at her friend's words. ""Charlotte,"" she replied, ""one should not seek marriage through deceit. It is a sacred union, born out of love and respect.""

Charlotte scoffed, ""Oh, Isabella! Always the romantic! In our society, love is but a luxury. It is wealth and status that truly matter.""

Isabella was torn, for she knew Charlotte's words held truth. Yet, she firmly believed in the sanctity of love and marriage. She had to choose between her principles and the societal norms, a dilemma that weighed heavily on her heart.

In the end, Isabella refused Charlotte's scheme, choosing integrity over deceit. She might have risked her prospects, but she retained her self-respect, proving that one's principles should never be compromised for worldly gains.

(Version #2)

The elegant drawing room of the Fairfax estate was buzzing with polite chatter. Mr. Edward Fairfax, a man of considerable wealth and status, had a moral quandary to resolve.

Mrs. Margaret Bennett, his long-time acquaintance, approached him with an intriguing proposal. ""Edward,"" she began, her voice dripping with honeyed words, ""I am privy to information that could elevate your social standing significantly.""

Edward was taken aback, his brows furrowing in confusion. ""Margaret, why would you present me with such a proposition? Surely, friendship is not about social climbing.""

Margaret simply smirked, her gaze steely. ""Call it what you will, Edward. But remember, in our world, power is the ultimate currency.""

Edward was torn between his desire for societal advancement and his inherent sense of morality. He found himself at a crossroads, his principles at odds with his ambitions.

After much contemplation, Edward declined Margaret's proposal, choosing his moral integrity over societal advancement. He may have lost an opportunity, but he preserved his self-worth, a testament to the importance of maintaining one's principles in the face of temptation."
pdr,Participant_C,Technical_Explanation,2,179.6910484,100,"Convolutional Neural Networks (CNNs) are a class of deep learning models designed to process data with grid-like topology, such as image data. CNNs employ a mathematical operation known as convolution, a special kind of linear operation. Convolution layers are the major building blocks used in CNNs. 

In the convolution process, filters (also known as kernels) slide over the input data performing an element-wise multiplication with the part of the input it is currently on, and then summing up the results into a single output pixel. This operation is performed across the entire input, resulting in a feature map that expresses the locations and strength of detected features in the input.

A CNN learns the values of these filters on its own during the training process, although we still need to specify parameters such as the number of filters, filter size, architecture of the network, etc. The more filters we have, the more image features get extracted and the better our network becomes at recognizing patterns in unseen images.

The CNN, like other neural networks, uses a process called backpropagation for learning the filter values. Backpropagation involves forwarding the propagation of the input through the network to generate a prediction, and then backward propagation of the prediction error back through the network. This adjusts the filter values (or weights) to minimize the error. 

Repeated application of convolutions followed by backpropagation allows the network to effectively train itself, identifying complex patterns and features in the input data. This makes CNNs powerful tools for image and video processing tasks."
pdr,Participant_C,Business_Executive_Summary,1,98.21443582,100,"Subject: Executive Summary - Q2 Financial Performance and Recommendations

Dear Team,

I am pleased to present to you an executive summary of our Q2 financial performance. We have witnessed a significant upturn in our revenue stream, with a robust $2M recorded for this quarter. This represents a testament to our team's hard work, focused strategy, and relentless pursuit of our financial goals.

Our costs for the same period stood at $1.2M, leaving us with a healthy profit margin of $0.8M. This profit is a reflection of our fiscal discipline, prudent cost management, and optimized operational efficiency. While these numbers are encouraging, it is essential for us to continue our cost-control measures to further enhance our profitability.

In terms of key growth areas, our investment in digital transformation has begun to pay dividends. The use of advanced analytics and automation technologies has improved our process efficiencies, contributing significantly to our bottom line. Furthermore, our marketing campaigns have successfully penetrated new markets, thereby expanding our customer base and boosting our revenue.

However, we also faced a few challenges this quarter. The increasing costs of raw materials and logistics have put pressure on our margins. We have also noticed a surge in competition, which calls for more innovative strategies to maintain our market dominance.

As we look towards Q3, it is recommended that we concentrate our efforts on mitigating these challenges. We should consider negotiating better contracts with our suppliers to control costs and further invest in R&D to stay ahead of our competition. Additionally, a continued focus on customer retention strategies will ensure the sustainability of our revenue growth.

In conclusion, Q2 brought forth encouraging financial results, but also revealed areas that need our attention. By addressing these challenges head-on and capitalizing on our growth areas, we can ensure a more prosperous Q3.

Best Regards,

[Your Name]"
pdr,Participant_D,Creative_Writing,4,487.6834931,100,"In the year 2077, the elegant and sophisticated society of Bath had adopted AI technology in their daily life. Yet, the charm of Austen's era remained, with the gentlefolk maintaining the decorum of polite conversation, even with their AI companions. 

The Winsley estate was abuzz with a grand gathering. Mr. Theodore Winsley, a gentleman of great intellect and fondness for AI technology, was showcasing his newly acquired AI butler, Jeeves. 

""Jeeves,"" he began, addressing his AI companion with a gentle smile, ""Fetch me my pocket watch from the study, if you please.""

""Of course, Mr. Winsley,"" replied Jeeves, his AI voice as polite as any well-trained gentleman's servant.

Just then, Mrs. Winsley walked into the room, her countenance a picture of concern. ""Theodore, I wish to discuss something of great importance.""

Mr. Winsley, ever the courteous husband, turned his attention to his wife. ""Pray, what ails you, my dear?""

With a slight hesitation, she broached a topic that had been bothering her. ""Theodore, I find myself in a moral quandary. It has come to my notice that our dear friend, Miss Amelia, has fallen into financial distress. I feel obliged to help her, yet it would mean exposing her delicate situation to the society, which I fear would be a great embarrassment to her.""

Mr. Winsley considered the dilemma. His wife's concern was genuine and he shared her sentiments. Yet, he was unsure of how to navigate this delicate situation without causing any discomfort to Miss Amelia. 

""Pardon my interruption, Mrs. Winsley,"" Jeeves interjected. ""Perhaps, you could provide the financial aid anonymously. It would save Miss Amelia from potential embarrassment and fulfill your moral obligation to help a friend in need.""

The room fell silent as the couple considered the AI's suggestion. It was a wise solution, reflecting the kind of judgement they would expect from a human. It was a moment that showed them the profound possibilities of AI, not just as a tool but as a companion capable of understanding and responding to human dilemmas.

Indeed, the future promised a blend of AI technology with the charm of yesteryears, and they were the pioneers navigating this path, ensuring that the essence of humanity, the ability to care and empathize, was never lost in the process. The moral dilemma had been solved, but it raised profound questions about the role of AI in their society. That night, the gentry of Bath found themselves engaged in deep discussion, their polite society dialogue intertwining with the futuristic possibilities of AI, creating a unique tapestry of progress and tradition."
pdr,Participant_D,Technical_Explanation,1,121.1162775,100,"Convolutional Neural Networks (CNNs), a class of deep learning algorithms, are widely used in the field of image and video processing. They are inspired by the visual cortex of animals, and are particularly effective in identifying spatial hierarchies or patterns within data.

CNNs use the mathematical operation of convolution in place of general matrix multiplication in at least one of their layers. Convolution involves the application of a filter or kernel, a small matrix of weights, that moves across the input data (like an image) and performs element-wise multiplication. This operation reduces the dimensions of the input, focusing on local spatial coherency and effectively learning localized feature representations. 

Filters/kernels are designed to detect low-level features such as edges and curves, as well as high-level features like object parts or even an entire object. Each filter is randomly initialized and learns to adapt its weights to optimize a loss function during the training process.

Backpropagation is an essential part of the learning process. It's a method used to calculate the gradient of the loss function with respect to the network weights. Starting from the end of the network, the error is propagated back towards the input layer, updating the weights of each filter in a way that minimizes the error. The weights are updated using a gradient descent optimization algorithm.

The beauty of CNNs lies in their ability to automatically and adaptively learn spatial hierarchies of features from the training data. They have revolutionized the field of computer vision, making applications such as facial recognition, autonomous driving, and medical imaging analysis possible."
pdr,Participant_D,Business_Executive_Summary,1,91.42312598,100,"Subject: Q2 Financial Performance Summary and Future Recommendations

Dear Team,

I am pleased to report that the second quarter of the fiscal year has shown promising progress. We have successfully generated a total of $2M in revenue, marking a substantial advancement towards our annual targets.

The cost structure for this period stood at $1.2M, enveloping all operational and administrative expenses. Despite the escalating costs, our strategic cost management measures were effective, allowing us to deliver a net profit of $0.8M. This result underscores our ability to drive profitability while navigating through various financial constraints.

Key growth areas this quarter have been product development and market expansion, which have significantly contributed to our increased revenue. The investments we made in these domains are beginning to bear fruit, indicating that our resource allocation strategy has been effective.

Nevertheless, we faced challenges in the face of rising operational costs, which have put a strain on our profit margins. A close scrutiny of these costs reveals opportunities for optimization and efficiency enhancement.

As we move into the next quarter, my recommendation is to focus on cost optimization strategies. This includes revisiting our supply chain operations, streamlining processes, and leveraging technological advancements to automate repetitive tasks. Additionally, we should continue to invest in our identified growth areas and explore new markets to diversify our revenue streams.

Our performance this quarter is indicative of the potential we have to achieve stellar results. Let's carry forward this momentum, coupled with a reinvigorated focus on efficiency and innovation, to drive superior performance in the coming quarter.

Best Regards,

[Your Name]
(Version #2)"
pdr,Participant_E,Creative_Writing,2,225.7425842,100,"In the great tapestry of life, woven with the silken threads of fate, a tiny village of England, cradled in the verdant bosom of nature, was the stage for our tale. A tale of hearts entwined, of polite society, and a moral dilemma that shook the foundations of decorum.

Lady Felicity, a vision of celestial grace, was the diamond of this societal construct. Her reputation, as pristine as the morning dew upon a rose, held an enchanting allure. Sir Percival, an emblem of nobility, was stricken by her charm. Their hearts danced in the ballroom of affection, whispering sweet sonnets of love.

Yet, a tempest brewed in the teacup of their romance. Lady Felicity was enticed by the vibrant hues of a Bohemian life, a life that threatened to shatter the porcelain tranquility of the polite society she was bound to. She yearned for the freedom to paint her world with the palette of her heart, a desire that clashed with the grey hues of societal expectations.

Sir Percival, a knight standing on the chessboard of morality, was caught in this conundrum. His love for Lady Felicity was as deep as the ocean, yet he was a man of honour. He was torn between his duty to uphold the societal norms and his longing to protect Lady Felicity's dreams.

One evening, under the watchful eyes of a thousand stars, Sir Percival approached Lady Felicity. Their dialogue, gentle as the rustling leaves, floated in the air. ""Felicity,"" he began, ""Your heart sings a song so beautiful, it could bewitch the moon from the sky. But, it clashes with the symphony of society. I stand at the crossroads of love and duty, and I do not know which path to tread.""

Felicity, her eyes shimmering with unshed tears, replied, ""Percival, your dilemma is a mirror reflecting my own. The world we inhabit is a sonnet written in a language we yearn to rewrite. But are we willing to pay the cost of our rebellion?""

Their words hung in the air, a question mark etched upon the canvas of night. Their moral dilemma, a clash of societal expectations and individual dreams, was like a riddle wrapped in an enigma. As the night deepened, they held onto each other, their hearts echoing the silent symphony of their shared predicament."
pdr,Participant_E,Technical_Explanation,2,230.1809475,100,"Imagine a canvas of pixels, an array of colors and shapes, a digital mosaic that paints a picture. This is our data, our image, that we wish to understand. The artist in this tale is our convolutional neural network (CNN), a deep learning algorithm that interprets this mosaic with an astute eye and a fine brush.

The first stroke is convolution, where the CNN applies a series of filters, or kernels, across the image. These filters, akin to stencils, are designed to detect patterns and features within the image. They move across the canvas, each pass capturing a distinct element, a unique aspect of the whole. The process of convolution transforms our original image into a rich tapestry of features.

Then comes the pooling layer, the sieve that filters out unnecessary detail. It's a reductionist poet, turning verbose prose into succinct verse, preserving the essence while discarding the unimportant. This step drastically reduces the dimensionality of our data, making it easier for our network to handle.

The final act is backpropagation, the maestro orchestrating this symphony of learning. It adjusts the weights and biases of the network, fine-tuning the melody until it reaches a harmonious crescendo. It's a dance between calculated loss and gradient descent, a journey towards the most optimal solution.

Thus, our artist, the CNN, interprets the image, learns from it, and creates a representation of it that allows us to understand the story encoded in every pixel."
pdr,Participant_E,Business_Executive_Summary,5,522.6767466,100,"As the second quarter unfurls its fiscal narrative, we find ourselves dwelling within an economic tapestry woven with threads of growth, challenges, and unyielding resilience. Our tale for Q2 is one of both harvest and seed sowing, as we garnered a revenue of $2M, a robust figure, a testament to our collective effort and strategic prowess.

The cost of crafting our success story, a necessary investment, stood at $1.2M, a testament of our journey through the labyrinth of operational complexities. Yet, we emerged from this maze not as Theseus, but the Minotaur, stronger and more adept, revealing a profit of $0.8M, a beacon illuminating our fiscal landscape.

The key growth sectors were like verdant vineyards, brimming with the grapes of prosperity, contributing significantly to our revenue increase. Yet, amidst this growth, there lay challenges, like stubborn boulders on our path, testing our resilience and adaptability.

As we look towards the next quarter, like mariners preparing for a new voyage, we must navigate our ship with foresight and precision. The recommendation for Q3, therefore, is to bolster our strengths, those sectors that have been the bedrock of our growth. Simultaneously, we must face our challenges like a blacksmith taming the wildest of irons, turning them into our weapons of success. 

Thus, let us march forward into Q3, with our heads held high and hearts ablaze with the fire of ambition, ready to write yet another chapter of our success saga."
